{
  "slug": "xgb_aft__survival__N400__A2.2_b1__fs_a_only",
  "task": "survival",
  "mode": "validation",
  "model": "xgb_aft",
  "N": 400,
  "db_version": "A2.2",
  "baseline_cycle": 1,
  "feature_subset": "fs_a_only",
  "n_rows": 415,
  "n_seeds": 5,
  "test_c_index_mean": 0.7646953183484154,
  "test_c_index_std": 0.03732225727257289,
  "test_auc_at_200_mean": 0.9186675597130144,
  "test_auc_at_200_std": 0.02557858954208853,
  "test_auc_at_300_mean": 0.8181888166918727,
  "test_auc_at_300_std": 0.06491490348101564,
  "test_auc_at_400_mean": 0.802485625930134,
  "test_auc_at_400_std": 0.06860724951905185,
  "test_f1_at_200_mean": 0.5886318823925177,
  "test_f1_at_200_std": 0.06647932446853425,
  "test_f1_at_300_mean": 0.6560221017046092,
  "test_f1_at_300_std": 0.06696930819467149,
  "test_f1_at_400_mean": 0.7075534403484715,
  "test_f1_at_400_std": 0.06601177501701941
}