{
  "slug": "ebm_classifier__classification__N200__A2.2_b1__fs_all",
  "task": "classification",
  "mode": "validation",
  "model": "ebm_classifier",
  "N": 200,
  "db_version": "A2.2",
  "baseline_cycle": 1,
  "feature_subset": "fs_all",
  "n_rows": 291,
  "n_seeds": 5,
  "test_f1_mean": 0.9154741719596011,
  "test_f1_std": 0.032555433539825075,
  "test_accuracy_mean": 0.8677966101694915,
  "test_accuracy_std": 0.05140932504441726,
  "test_precision_mean": 0.8955558933819802,
  "test_precision_std": 0.04208674569281421,
  "test_recall_mean": 0.9377777777777778,
  "test_recall_std": 0.042745297914825196,
  "test_roc_auc_mean": 0.8946031746031746,
  "test_roc_auc_std": 0.07208341798499916
}