{
  "slug": "xgb_classifier__classification__N400__A2.2_b1__fs_cv",
  "task": "classification",
  "mode": "validation",
  "model": "xgb_classifier",
  "N": 400,
  "db_version": "A2.2",
  "baseline_cycle": 1,
  "feature_subset": "fs_cv",
  "n_rows": 236,
  "n_seeds": 5,
  "test_f1_mean": 0.7781405523653268,
  "test_f1_std": 0.03670472033256641,
  "test_accuracy_mean": 0.7583333333333333,
  "test_accuracy_std": 0.04320091948609941,
  "test_precision_mean": 0.7258245585831793,
  "test_precision_std": 0.05921483152729094,
  "test_recall_mean": 0.85,
  "test_recall_std": 0.09592387027684447,
  "test_roc_auc_mean": 0.8696180555555557,
  "test_roc_auc_std": 0.0487519660690915
}