{
  "slug": "rsf__survival__N400__A2.2_b1__fs_a_only",
  "task": "survival",
  "mode": "validation",
  "model": "rsf",
  "N": 400,
  "db_version": "A2.2",
  "baseline_cycle": 1,
  "feature_subset": "fs_a_only",
  "n_rows": 415,
  "n_seeds": 5,
  "test_c_index_mean": 0.7800467943371213,
  "test_c_index_std": 0.028059604006969923,
  "test_auc_at_200_mean": 0.9317242454515181,
  "test_auc_at_200_std": 0.0285641998403698,
  "test_auc_at_300_mean": 0.84384269079876,
  "test_auc_at_300_std": 0.05268375204934917,
  "test_auc_at_400_mean": 0.8351848889097173,
  "test_auc_at_400_std": 0.04042132646489542,
  "test_f1_at_200_mean": 0.5886318823925177,
  "test_f1_at_200_std": 0.06647932446853425,
  "test_f1_at_300_mean": 0.7005217566390468,
  "test_f1_at_300_std": 0.03006543033210687,
  "test_f1_at_400_mean": 0.7827574413164475,
  "test_f1_at_400_std": 0.0556767609240801
}