{
  "slug": "ebm_classifier__classification__N400__A2.2_b1__fs_a_only",
  "task": "classification",
  "mode": "validation",
  "model": "ebm_classifier",
  "N": 400,
  "db_version": "A2.2",
  "baseline_cycle": 1,
  "feature_subset": "fs_a_only",
  "n_rows": 236,
  "n_seeds": 5,
  "test_f1_mean": 0.8260208419031947,
  "test_f1_std": 0.05765076339924467,
  "test_accuracy_mean": 0.8125,
  "test_accuracy_std": 0.06421264586426015,
  "test_precision_mean": 0.7782812766683733,
  "test_precision_std": 0.08058614982208666,
  "test_recall_mean": 0.8833333333333334,
  "test_recall_std": 0.05432668671002206,
  "test_roc_auc_mean": 0.8847222222222223,
  "test_roc_auc_std": 0.05302391435783633
}