{
  "slug": "xgb_aft__survival__N300__A2.2_b1__fs_cv",
  "task": "survival",
  "mode": "validation",
  "model": "xgb_aft",
  "N": 300,
  "db_version": "A2.2",
  "baseline_cycle": 1,
  "feature_subset": "fs_cv",
  "n_rows": 415,
  "n_seeds": 5,
  "test_c_index_mean": 0.7646845957030746,
  "test_c_index_std": 0.028909180794665507,
  "test_auc_at_200_mean": 0.8978981473072383,
  "test_auc_at_200_std": 0.047272172501866744,
  "test_auc_at_300_mean": 0.8375389969683766,
  "test_auc_at_300_std": 0.04071877189346836,
  "test_auc_at_400_mean": 0.812814698078428,
  "test_auc_at_400_std": 0.050678682762644506,
  "test_f1_at_200_mean": 0.5416564150540327,
  "test_f1_at_200_std": 0.04532975172658454,
  "test_f1_at_300_mean": 0.6822841151658139,
  "test_f1_at_300_std": 0.04677338703154246,
  "test_f1_at_400_mean": 0.7400432362668388,
  "test_f1_at_400_std": 0.07093043877834032
}