{
  "slug": "xgb_aft__survival__N200__A2.2_b1__fs_a_only",
  "task": "survival",
  "mode": "validation",
  "model": "xgb_aft",
  "N": 200,
  "db_version": "A2.2",
  "baseline_cycle": 1,
  "feature_subset": "fs_a_only",
  "n_rows": 415,
  "n_seeds": 5,
  "test_c_index_mean": 0.7622191792897672,
  "test_c_index_std": 0.031450985291677565,
  "test_auc_at_200_mean": 0.9237804064622248,
  "test_auc_at_200_std": 0.02483402151640485,
  "test_auc_at_300_mean": 0.8215772405884636,
  "test_auc_at_300_std": 0.039004862694873084,
  "test_auc_at_400_mean": 0.7970847083884841,
  "test_auc_at_400_std": 0.046573868252222046,
  "test_f1_at_200_mean": 0.5791080728687081,
  "test_f1_at_200_std": 0.06441142068723403,
  "test_f1_at_300_mean": 0.6653344947379326,
  "test_f1_at_300_std": 0.06921080056944612,
  "test_f1_at_400_mean": 0.6984625312575623,
  "test_f1_at_400_std": 0.06420701187538366
}