{
  "slug": "rsf__survival__N300__A2.2_b1__fs_a_only",
  "task": "survival",
  "mode": "validation",
  "model": "rsf",
  "N": 300,
  "db_version": "A2.2",
  "baseline_cycle": 1,
  "feature_subset": "fs_a_only",
  "n_rows": 415,
  "n_seeds": 5,
  "test_c_index_mean": 0.7733586137549425,
  "test_c_index_std": 0.03309590431883107,
  "test_auc_at_200_mean": 0.9370037538219357,
  "test_auc_at_200_std": 0.03147430735446325,
  "test_auc_at_300_mean": 0.8467270186857568,
  "test_auc_at_300_std": 0.0541432841661151,
  "test_auc_at_400_mean": 0.8266640300965242,
  "test_auc_at_400_std": 0.058451233993590535,
  "test_f1_at_200_mean": 0.5886318823925177,
  "test_f1_at_200_std": 0.06647932446853425,
  "test_f1_at_300_mean": 0.6835257092082168,
  "test_f1_at_300_std": 0.0721469705260183,
  "test_f1_at_400_mean": 0.7340617891425345,
  "test_f1_at_400_std": 0.11761192813833657
}