{
  "slug": "xgb_aft__survival__N200__A2.2_b1__fs_cv",
  "task": "survival",
  "mode": "validation",
  "model": "xgb_aft",
  "N": 200,
  "db_version": "A2.2",
  "baseline_cycle": 1,
  "feature_subset": "fs_cv",
  "n_rows": 415,
  "n_seeds": 5,
  "test_c_index_mean": 0.776983414575167,
  "test_c_index_std": 0.01389100380836283,
  "test_auc_at_200_mean": 0.9191977466977466,
  "test_auc_at_200_std": 0.04809002513502508,
  "test_auc_at_300_mean": 0.8458535631723418,
  "test_auc_at_300_std": 0.05402092610991574,
  "test_auc_at_400_mean": 0.8138161409528687,
  "test_auc_at_400_std": 0.04219441415349563,
  "test_f1_at_200_mean": 0.5607148381964037,
  "test_f1_at_200_std": 0.04250117824324879,
  "test_f1_at_300_mean": 0.6909797673397268,
  "test_f1_at_300_std": 0.031081704788745973,
  "test_f1_at_400_mean": 0.7451412797002859,
  "test_f1_at_400_std": 0.03947314547690874
}