{
  "slug": "rsf__survival__N200__A2.2_b1__fs_a_only",
  "task": "survival",
  "mode": "validation",
  "model": "rsf",
  "N": 200,
  "db_version": "A2.2",
  "baseline_cycle": 1,
  "feature_subset": "fs_a_only",
  "n_rows": 415,
  "n_seeds": 5,
  "test_c_index_mean": 0.7728060831839245,
  "test_c_index_std": 0.03253707263093168,
  "test_auc_at_200_mean": 0.9360159789705242,
  "test_auc_at_200_std": 0.029797151413650576,
  "test_auc_at_300_mean": 0.8448231805910359,
  "test_auc_at_300_std": 0.055023875386681874,
  "test_auc_at_400_mean": 0.8232731343789697,
  "test_auc_at_400_std": 0.05267494236651319,
  "test_f1_at_200_mean": 0.5886318823925177,
  "test_f1_at_200_std": 0.06647932446853425,
  "test_f1_at_300_mean": 0.6657391479433946,
  "test_f1_at_300_std": 0.08588667775390586,
  "test_f1_at_400_mean": 0.7427574413164475,
  "test_f1_at_400_std": 0.11565312723243552
}