{
  "slug": "xgb_classifier__classification__N300__A2.2_b1__fs_all",
  "task": "classification",
  "mode": "validation",
  "model": "xgb_classifier",
  "N": 300,
  "db_version": "A2.2",
  "baseline_cycle": 1,
  "feature_subset": "fs_all",
  "n_rows": 250,
  "n_seeds": 5,
  "test_f1_mean": 0.8246656785243742,
  "test_f1_std": 0.031129176614461202,
  "test_accuracy_mean": 0.768,
  "test_accuracy_std": 0.046043457732885394,
  "test_precision_mean": 0.8016834682275858,
  "test_precision_std": 0.044977753603209096,
  "test_recall_mean": 0.85,
  "test_recall_std": 0.02614562582918986,
  "test_roc_auc_mean": 0.8638888888888887,
  "test_roc_auc_std": 0.0224556425757015
}