{
  "slug": "ebm_classifier__classification__N400__A2.2_b1__fs_a_only",
  "task": "classification",
  "mode": "validation",
  "model": "ebm_classifier",
  "N": 400,
  "db_version": "A2.2",
  "baseline_cycle": 1,
  "feature_subset": "fs_a_only",
  "n_rows": 236,
  "n_seeds": 5,
  "test_f1_mean": 0.804864964853866,
  "test_f1_std": 0.06379949278354007,
  "test_accuracy_mean": 0.7916666666666667,
  "test_accuracy_std": 0.0721687836487032,
  "test_precision_mean": 0.7657088122605362,
  "test_precision_std": 0.08723910208027913,
  "test_recall_mean": 0.85,
  "test_recall_std": 0.03726779962499647,
  "test_roc_auc_mean": 0.8861111111111111,
  "test_roc_auc_std": 0.050817962156876964
}