{
  "slug": "xgb_aft__survival__N200__A2.2_b1__fs_cv",
  "task": "survival",
  "mode": "validation",
  "model": "xgb_aft",
  "N": 200,
  "db_version": "A2.2",
  "baseline_cycle": 1,
  "feature_subset": "fs_cv",
  "n_rows": 415,
  "n_seeds": 5,
  "test_c_index_mean": 0.7653767220454805,
  "test_c_index_std": 0.03212892482858784,
  "test_auc_at_200_mean": 0.8925816758998577,
  "test_auc_at_200_std": 0.0251692816461663,
  "test_auc_at_300_mean": 0.8181580740144045,
  "test_auc_at_300_std": 0.04423587171619269,
  "test_auc_at_400_mean": 0.8007620139204807,
  "test_auc_at_400_std": 0.0670822378303529,
  "test_f1_at_200_mean": 0.550958740635428,
  "test_f1_at_200_std": 0.053579670266225864,
  "test_f1_at_300_mean": 0.6732019895619491,
  "test_f1_at_300_std": 0.0406397944915535,
  "test_f1_at_400_mean": 0.7078538356053884,
  "test_f1_at_400_std": 0.09027577178238527
}