{
  "experiment": "exp_i_rsf_censored_ablation",
  "feature_subset": "fs_cv",
  "baseline_cycle": 1,
  "db_version": "A2.2",
  "n_seeds": 5,
  "trials": 30,
  "inner_cv": 5,
  "n_faded": 187,
  "n_censored": 228,
  "summary": {
    "rsf_with_censored": {
      "mae_mean": 147.4157894736842,
      "mae_std": 6.510735860134648,
      "rmse_mean": 185.67291218735107,
      "rmse_std": 3.77251065967957,
      "r2_mean": 0.2813903639680033,
      "r2_std": 0.08422950080655714,
      "medae_mean": 129.7,
      "medae_std": 14.294229604983963,
      "mape_mean": 1.871137420913748,
      "mape_std": 0.4112439138045588,
      "runtime_s_mean": 38.54409804344177,
      "runtime_s_std": 6.840621396942974,
      "mae_q1_mean": 159.6,
      "mae_q1_std": 36.59829230988791,
      "mae_q2_mean": 161.24444444444444,
      "mae_q2_std": 51.04061563543728,
      "mae_q3_mean": 130.35555555555555,
      "mae_q3_std": 32.490777418891525,
      "mae_q4_mean": 138.14000000000001,
      "mae_q4_std": 32.93012298792702
    },
    "rsf_no_censored": {
      "mae_mean": 127.72631578947369,
      "mae_std": 13.876840049185999,
      "rmse_mean": 170.18671632173883,
      "rmse_std": 19.08835096137787,
      "r2_mean": 0.40027525523298857,
      "r2_std": 0.08691476059674345,
      "medae_mean": 97.9,
      "medae_std": 21.431285542402723,
      "mape_mean": 1.0172515283332644,
      "mape_std": 0.14727372893389798,
      "runtime_s_mean": 40.28227005004883,
      "runtime_s_std": 9.529359860444394,
      "mae_q1_mean": 91.88,
      "mae_q1_std": 23.885393025864154,
      "mae_q2_mean": 105.66666666666667,
      "mae_q2_std": 27.960178914632717,
      "mae_q3_mean": 81.15555555555557,
      "mae_q3_std": 27.496419519998472,
      "mae_q4_mean": 225.34,
      "mae_q4_std": 47.154936114896806
    }
  }
}