{
  "slug": "xgb_classifier__classification__N400__A2.2_b1__fs_cv",
  "task": "classification",
  "mode": "validation",
  "model": "xgb_classifier",
  "N": 400,
  "db_version": "A2.2",
  "baseline_cycle": 1,
  "feature_subset": "fs_cv",
  "n_rows": 236,
  "n_seeds": 5,
  "test_f1_mean": 0.79732715781348,
  "test_f1_std": 0.05420957624310649,
  "test_accuracy_mean": 0.7916666666666666,
  "test_accuracy_std": 0.058925565098878946,
  "test_precision_mean": 0.7824347826086957,
  "test_precision_std": 0.07348314879548788,
  "test_recall_mean": 0.8166666666666668,
  "test_recall_std": 0.06319062870042959,
  "test_roc_auc_mean": 0.8861111111111111,
  "test_roc_auc_std": 0.04218071218827245
}