{
  "slug": "rsf__survival__N300__A2.2_b1__fs_cv",
  "task": "survival",
  "mode": "validation",
  "model": "rsf",
  "N": 300,
  "db_version": "A2.2",
  "baseline_cycle": 1,
  "feature_subset": "fs_cv",
  "n_rows": 415,
  "n_seeds": 5,
  "test_c_index_mean": 0.7966402580113064,
  "test_c_index_std": 0.02147250849285998,
  "test_auc_at_200_mean": 0.922472335745063,
  "test_auc_at_200_std": 0.03364102005783725,
  "test_auc_at_300_mean": 0.874313531421597,
  "test_auc_at_300_std": 0.05213184477156031,
  "test_auc_at_400_mean": 0.8560567956071388,
  "test_auc_at_400_std": 0.04882788112490479,
  "test_f1_at_200_mean": 0.5695734592501467,
  "test_f1_at_200_std": 0.07011710318444454,
  "test_f1_at_300_mean": 0.7094301092683296,
  "test_f1_at_300_std": 0.05135144397404226,
  "test_f1_at_400_mean": 0.7561803662176333,
  "test_f1_at_400_std": 0.04160035267974253
}