{
  "slug": "rsf__survival__N200__A2.2_b1__fs_a_only",
  "task": "survival",
  "mode": "validation",
  "model": "rsf",
  "N": 200,
  "db_version": "A2.2",
  "baseline_cycle": 1,
  "feature_subset": "fs_a_only",
  "n_rows": 415,
  "n_seeds": 5,
  "test_c_index_mean": 0.7736429541995531,
  "test_c_index_std": 0.034609478740274056,
  "test_auc_at_200_mean": 0.9308671984581075,
  "test_auc_at_200_std": 0.03059269941060578,
  "test_auc_at_300_mean": 0.8418502914642954,
  "test_auc_at_300_std": 0.05322771477842715,
  "test_auc_at_400_mean": 0.8290401052037207,
  "test_auc_at_400_std": 0.05037749266248189,
  "test_f1_at_200_mean": 0.5886318823925177,
  "test_f1_at_200_std": 0.06647932446853425,
  "test_f1_at_300_mean": 0.6918261044651338,
  "test_f1_at_300_std": 0.03725402567168702,
  "test_f1_at_400_mean": 0.7585941760103251,
  "test_f1_at_400_std": 0.067910086104235
}