{
  "seed": 4,
  "n_F_train": 149,
  "n_F_test": 38,
  "n_censored": 228,
  "trials": 30,
  "inner_cv": 5,
  "test_cell_fingerprint": "3dc099df44528ba4",
  "test_cell_names": [
    "0MC2-251022-002",
    "0MC2-251222-002",
    "0MC20-251126-R001",
    "0MC6-260108-R001",
    "0MC8-251113-R001",
    "AR3685",
    "AR3854",
    "AR3858",
    "AR3884",
    "AR3885",
    "AR3944",
    "AR3964",
    "AR3967",
    "AR3974",
    "AR3978",
    "AR3980",
    "AR4020",
    "AR4023",
    "AR4078",
    "AR4086",
    "AR4088",
    "AR4115",
    "AR4127",
    "AR4130",
    "AR4139",
    "AR4147",
    "AR4169",
    "AR4232",
    "AR4242",
    "AR4246",
    "AR4318",
    "AR4380",
    "AR4428",
    "AR4432",
    "AR4433",
    "AR4434",
    "AR4532",
    "AR4628"
  ],
  "t_cap_with_censored": 1052.0,
  "t_cap_no_censored": 1052.0,
  "results": {
    "rsf_with_censored": {
      "mae": 149.3421052631579,
      "rmse": 182.904418524511,
      "r2": 0.1968052786083585,
      "medae": 144.5,
      "mape": 2.251805567628864,
      "runtime_s": 39.200541734695435,
      "mae_q1": 114.3,
      "mae_q2": 167.66666666666666,
      "mae_q3": 143.44444444444446,
      "mae_q4": 173.2
    },
    "rsf_with_censored_best_params": {
      "n_estimators": 250,
      "max_depth": 16,
      "min_samples_split": 8,
      "min_samples_leaf": 16,
      "max_features": null
    },
    "rsf_no_censored": {
      "mae": 111.92105263157895,
      "rmse": 169.0435166645435,
      "r2": 0.31392832545481386,
      "medae": 61.5,
      "mape": 1.1223540542248271,
      "runtime_s": 40.14884948730469,
      "mae_q1": 52.7,
      "mae_q2": 105.55555555555556,
      "mae_q3": 95.11111111111111,
      "mae_q4": 192.0
    },
    "rsf_no_censored_best_params": {
      "n_estimators": 100,
      "max_depth": 16,
      "min_samples_split": 7,
      "min_samples_leaf": 5,
      "max_features": null
    }
  }
}