{
  "slug": "xgb_classifier__classification__N300__A2.2_b1__fs_cv",
  "task": "classification",
  "mode": "validation",
  "model": "xgb_classifier",
  "N": 300,
  "db_version": "A2.2",
  "baseline_cycle": 1,
  "feature_subset": "fs_cv",
  "n_rows": 250,
  "n_seeds": 5,
  "test_f1_mean": 0.8377149276393933,
  "test_f1_std": 0.029385207923216274,
  "test_accuracy_mean": 0.768,
  "test_accuracy_std": 0.0626099033699941,
  "test_precision_mean": 0.7727439192552432,
  "test_precision_std": 0.07388317525541951,
  "test_recall_mean": 0.925,
  "test_recall_std": 0.06480137922914914,
  "test_roc_auc_mean": 0.8753472222222222,
  "test_roc_auc_std": 0.015547648039748703
}