{
  "slug": "xgb_classifier__classification__N300__A2.2_b1__fs_a_only",
  "task": "classification",
  "mode": "validation",
  "model": "xgb_classifier",
  "N": 300,
  "db_version": "A2.2",
  "baseline_cycle": 1,
  "feature_subset": "fs_a_only",
  "n_rows": 250,
  "n_seeds": 5,
  "test_f1_mean": 0.8435833914409766,
  "test_f1_std": 0.014488276933638659,
  "test_accuracy_mean": 0.7719999999999999,
  "test_accuracy_std": 0.017888543819998336,
  "test_precision_mean": 0.7524663579314742,
  "test_precision_std": 0.02268394072816017,
  "test_recall_mean": 0.9625,
  "test_recall_std": 0.051348989766109326,
  "test_roc_auc_mean": 0.8526041666666666,
  "test_roc_auc_std": 0.03278217293390596
}