{
  "slug": "rsf__survival__N300__A2.2_b1__fs_cv",
  "task": "survival",
  "mode": "validation",
  "model": "rsf",
  "N": 300,
  "db_version": "A2.2",
  "baseline_cycle": 1,
  "feature_subset": "fs_cv",
  "n_rows": 415,
  "n_seeds": 5,
  "test_c_index_mean": 0.7986960584630712,
  "test_c_index_std": 0.022018463674978662,
  "test_auc_at_200_mean": 0.9209902673084491,
  "test_auc_at_200_std": 0.033992753223226924,
  "test_auc_at_300_mean": 0.8731050377111682,
  "test_auc_at_300_std": 0.04634141734718358,
  "test_auc_at_400_mean": 0.8571537246125347,
  "test_auc_at_400_std": 0.03990696157214797,
  "test_f1_at_200_mean": 0.5698057472873128,
  "test_f1_at_200_std": 0.05390553133730998,
  "test_f1_at_300_mean": 0.7005412203794408,
  "test_f1_at_300_std": 0.04479980590494065,
  "test_f1_at_400_mean": 0.7561803662176333,
  "test_f1_at_400_std": 0.04160035267974253
}