{
  "slug": "rsf__survival__N200__A2.2_b1__fs_cv",
  "task": "survival",
  "mode": "validation",
  "model": "rsf",
  "N": 200,
  "db_version": "A2.2",
  "baseline_cycle": 1,
  "feature_subset": "fs_cv",
  "n_rows": 415,
  "n_seeds": 5,
  "test_c_index_mean": 0.8008912409665123,
  "test_c_index_std": 0.02050240573995485,
  "test_auc_at_200_mean": 0.9279068608159518,
  "test_auc_at_200_std": 0.03351617229653625,
  "test_auc_at_300_mean": 0.878897854606793,
  "test_auc_at_300_std": 0.043568654493541456,
  "test_auc_at_400_mean": 0.8607965047919283,
  "test_auc_at_400_std": 0.03903128095607864,
  "test_f1_at_200_mean": 0.5793295568111223,
  "test_f1_at_200_std": 0.058292021049340025,
  "test_f1_at_300_mean": 0.7094301092683296,
  "test_f1_at_300_std": 0.05135144397404226,
  "test_f1_at_400_mean": 0.7643436315237557,
  "test_f1_at_400_std": 0.04031481212486657
}