{
  "slug": "rsf__survival__N300__A2.2_b1__fs_a_only",
  "task": "survival",
  "mode": "validation",
  "model": "rsf",
  "N": 300,
  "db_version": "A2.2",
  "baseline_cycle": 1,
  "feature_subset": "fs_a_only",
  "n_rows": 415,
  "n_seeds": 5,
  "test_c_index_mean": 0.7767890255639703,
  "test_c_index_std": 0.03207066909766599,
  "test_auc_at_200_mean": 0.9392089022089021,
  "test_auc_at_200_std": 0.02951913126197473,
  "test_auc_at_300_mean": 0.8518182523670539,
  "test_auc_at_300_std": 0.052586082766366754,
  "test_auc_at_400_mean": 0.8304347029781812,
  "test_auc_at_400_std": 0.05112081199234463,
  "test_f1_at_200_mean": 0.5886318823925177,
  "test_f1_at_200_std": 0.06647932446853425,
  "test_f1_at_300_mean": 0.6835257092082168,
  "test_f1_at_300_std": 0.0721469705260183,
  "test_f1_at_400_mean": 0.7587574413164475,
  "test_f1_at_400_std": 0.08570500677314029
}