{
  "slug": "ebm_classifier__classification__N300__A2.2_b1__fs_all",
  "task": "classification",
  "mode": "validation",
  "model": "ebm_classifier",
  "N": 300,
  "db_version": "A2.2",
  "baseline_cycle": 1,
  "feature_subset": "fs_all",
  "n_rows": 250,
  "n_seeds": 5,
  "test_f1_mean": 0.8696907233190014,
  "test_f1_std": 0.025018504298861304,
  "test_accuracy_mean": 0.8240000000000001,
  "test_accuracy_std": 0.03286335345030994,
  "test_precision_mean": 0.825933580639463,
  "test_precision_std": 0.022437092186025354,
  "test_recall_mean": 0.91875,
  "test_recall_std": 0.035630482034348064,
  "test_roc_auc_mean": 0.8864583333333333,
  "test_roc_auc_std": 0.0366356468639763
}