{
  "slug": "xgb_aft__survival__N400__A2.2_b1__fs_cv",
  "task": "survival",
  "mode": "validation",
  "model": "xgb_aft",
  "N": 400,
  "db_version": "A2.2",
  "baseline_cycle": 1,
  "feature_subset": "fs_cv",
  "n_rows": 415,
  "n_seeds": 5,
  "test_c_index_mean": 0.7840157328870245,
  "test_c_index_std": 0.015190584658569137,
  "test_auc_at_200_mean": 0.9214463415372507,
  "test_auc_at_200_std": 0.034183965089468166,
  "test_auc_at_300_mean": 0.8507718629515896,
  "test_auc_at_300_std": 0.04264069886036413,
  "test_auc_at_400_mean": 0.8322883971482369,
  "test_auc_at_400_std": 0.06656487211929359,
  "test_f1_at_200_mean": 0.5604825501592376,
  "test_f1_at_200_std": 0.06173874576562746,
  "test_f1_at_300_mean": 0.6727979491579086,
  "test_f1_at_300_std": 0.03113334125344825,
  "test_f1_at_400_mean": 0.7318799709607162,
  "test_f1_at_400_std": 0.06170510288592138
}