{
  "slug": "xgb_classifier__classification__N400__A2.2_b1__fs_a_only",
  "task": "classification",
  "mode": "validation",
  "model": "xgb_classifier",
  "N": 400,
  "db_version": "A2.2",
  "baseline_cycle": 1,
  "feature_subset": "fs_a_only",
  "n_rows": 236,
  "n_seeds": 5,
  "test_f1_mean": 0.8013121587999283,
  "test_f1_std": 0.04217805788125812,
  "test_accuracy_mean": 0.7750000000000001,
  "test_accuracy_std": 0.05187458165828635,
  "test_precision_mean": 0.7248906499131386,
  "test_precision_std": 0.06503079205505374,
  "test_recall_mean": 0.9083333333333334,
  "test_recall_std": 0.0994778032192777,
  "test_roc_auc_mean": 0.834201388888889,
  "test_roc_auc_std": 0.08832012043039515
}