{
  "slug": "xgb_aft__survival__N400__A2.2_b1__fs_cv",
  "task": "survival",
  "mode": "validation",
  "model": "xgb_aft",
  "N": 400,
  "db_version": "A2.2",
  "baseline_cycle": 1,
  "feature_subset": "fs_cv",
  "n_rows": 415,
  "n_seeds": 5,
  "test_c_index_mean": 0.7875116256728971,
  "test_c_index_std": 0.00905522905320767,
  "test_auc_at_200_mean": 0.9193653215471397,
  "test_auc_at_200_std": 0.040280754812275714,
  "test_auc_at_300_mean": 0.8382684828718778,
  "test_auc_at_300_std": 0.04219075711847718,
  "test_auc_at_400_mean": 0.8330674640957823,
  "test_auc_at_400_std": 0.013597229534952123,
  "test_f1_at_200_mean": 0.5773187510793865,
  "test_f1_at_200_std": 0.06491915577224158,
  "test_f1_at_300_mean": 0.6639090602690197,
  "test_f1_at_300_std": 0.02264824644511514,
  "test_f1_at_400_mean": 0.7467890618698072,
  "test_f1_at_400_std": 0.04514463023189606
}