{
  "slug": "xgb_aft__survival__N200__A2.2_b1__fs_a_only",
  "task": "survival",
  "mode": "validation",
  "model": "xgb_aft",
  "N": 200,
  "db_version": "A2.2",
  "baseline_cycle": 1,
  "feature_subset": "fs_a_only",
  "n_rows": 415,
  "n_seeds": 5,
  "test_c_index_mean": 0.7572253290965819,
  "test_c_index_std": 0.03578697138950539,
  "test_auc_at_200_mean": 0.9153915705506614,
  "test_auc_at_200_std": 0.027689023343443628,
  "test_auc_at_300_mean": 0.8249795197880896,
  "test_auc_at_300_std": 0.061284352377034154,
  "test_auc_at_400_mean": 0.7912579194261117,
  "test_auc_at_400_std": 0.06488005419614533,
  "test_f1_at_200_mean": 0.5380714838869137,
  "test_f1_at_200_std": 0.10567842169356076,
  "test_f1_at_300_mean": 0.6568408627660398,
  "test_f1_at_300_std": 0.10356205838652158,
  "test_f1_at_400_mean": 0.682994918125353,
  "test_f1_at_400_std": 0.101407800609961
}