{
  "slug": "xgb_classifier__classification__N200__A2.2_b1__fs_a_only",
  "task": "classification",
  "mode": "validation",
  "model": "xgb_classifier",
  "N": 200,
  "db_version": "A2.2",
  "baseline_cycle": 1,
  "feature_subset": "fs_a_only",
  "n_rows": 291,
  "n_seeds": 5,
  "test_f1_mean": 0.9179707570428846,
  "test_f1_std": 0.03996324667313768,
  "test_accuracy_mean": 0.8745762711864407,
  "test_accuracy_std": 0.06063913159321463,
  "test_precision_mean": 0.916501976284585,
  "test_precision_std": 0.0440056275773824,
  "test_recall_mean": 0.9199999999999999,
  "test_recall_std": 0.043319085976928746,
  "test_roc_auc_mean": 0.8903174603174604,
  "test_roc_auc_std": 0.07549784377192585
}