{
  "slug": "xgb_aft__survival__N400__A2.2_b1__fs_a_only",
  "task": "survival",
  "mode": "validation",
  "model": "xgb_aft",
  "N": 400,
  "db_version": "A2.2",
  "baseline_cycle": 1,
  "feature_subset": "fs_a_only",
  "n_rows": 415,
  "n_seeds": 5,
  "test_c_index_mean": 0.7680504705671666,
  "test_c_index_std": 0.04929485082293386,
  "test_auc_at_200_mean": 0.9267853913763006,
  "test_auc_at_200_std": 0.021271970128884845,
  "test_auc_at_300_mean": 0.8235150793050201,
  "test_auc_at_300_std": 0.06639410392401125,
  "test_auc_at_400_mean": 0.8141570881445024,
  "test_auc_at_400_std": 0.0916959333955472,
  "test_f1_at_200_mean": 0.5886318823925177,
  "test_f1_at_200_std": 0.06647932446853425,
  "test_f1_at_300_mean": 0.683332472493241,
  "test_f1_at_300_std": 0.06304189930896548,
  "test_f1_at_400_mean": 0.7257352585302896,
  "test_f1_at_400_std": 0.11092717859973422
}