{
  "slug": "xgb_classifier__classification__N300__A2.2_b1__fs_a_only",
  "task": "classification",
  "mode": "validation",
  "model": "xgb_classifier",
  "N": 300,
  "db_version": "A2.2",
  "baseline_cycle": 1,
  "feature_subset": "fs_a_only",
  "n_rows": 250,
  "n_seeds": 5,
  "test_f1_mean": 0.8572155010667538,
  "test_f1_std": 0.02411148360604063,
  "test_accuracy_mean": 0.7959999999999999,
  "test_accuracy_std": 0.03577708763999661,
  "test_precision_mean": 0.7779770433202085,
  "test_precision_std": 0.03349154500364434,
  "test_recall_mean": 0.95625,
  "test_recall_std": 0.04192627457812106,
  "test_roc_auc_mean": 0.8588541666666666,
  "test_roc_auc_std": 0.022297371846943352
}