{
  "slug": "xgb_classifier__classification__N200__A2.2_b1__fs_a_only",
  "task": "classification",
  "mode": "validation",
  "model": "xgb_classifier",
  "N": 200,
  "db_version": "A2.2",
  "baseline_cycle": 1,
  "feature_subset": "fs_a_only",
  "n_rows": 291,
  "n_seeds": 5,
  "test_f1_mean": 0.8970152693748199,
  "test_f1_std": 0.04273008869518561,
  "test_accuracy_mean": 0.8305084745762713,
  "test_accuracy_std": 0.0785899872499636,
  "test_precision_mean": 0.860236260914227,
  "test_precision_std": 0.095984131440006,
  "test_recall_mean": 0.9466666666666667,
  "test_recall_std": 0.05577733510227169,
  "test_roc_auc_mean": 0.8950793650793651,
  "test_roc_auc_std": 0.0678290575871581
}