{
  "slug": "rsf__survival__N200__A2.2_b1__fs_cv",
  "task": "survival",
  "mode": "validation",
  "model": "rsf",
  "N": 200,
  "db_version": "A2.2",
  "baseline_cycle": 1,
  "feature_subset": "fs_cv",
  "n_rows": 415,
  "n_seeds": 5,
  "test_c_index_mean": 0.7941985366510467,
  "test_c_index_std": 0.018586611507381685,
  "test_auc_at_200_mean": 0.9139368661641388,
  "test_auc_at_200_std": 0.03812134066382158,
  "test_auc_at_300_mean": 0.874926828542247,
  "test_auc_at_300_std": 0.047603129863834255,
  "test_auc_at_400_mean": 0.858112511249239,
  "test_auc_at_400_std": 0.03386720652379486,
  "test_f1_at_200_mean": 0.5600496497263372,
  "test_f1_at_200_std": 0.06474539916127604,
  "test_f1_at_300_mean": 0.7005412203794408,
  "test_f1_at_300_std": 0.04479980590494065,
  "test_f1_at_400_mean": 0.7561803662176333,
  "test_f1_at_400_std": 0.04160035267974253
}