seed,n_estimators,max_depth,learning_rate,subsample,colsample_bytree,aft_loss_distribution,aft_loss_distribution_scale
1,175,3,0.07199521049126027,0.9982359796656642,0.7150880697322721,extreme,0.7774847363984917
2,125,4,0.019869054256652446,0.6783121405613795,0.5228394826227001,normal,0.9853119763020483
3,275,8,0.0028883600928511764,0.6939536375633617,0.908060335484647,normal,0.9085682365944352
4,550,2,0.03578566418559828,0.9509110560695998,0.5009541651950389,logistic,0.8898494078782994
5,300,10,0.00973272949849879,0.9068662387934591,0.7732282489862389,normal,0.6297885326033077
