{
  "slug": "ebm_classifier__classification__N200__A2.2_b1__fs_cv",
  "task": "classification",
  "mode": "validation",
  "model": "ebm_classifier",
  "N": 200,
  "db_version": "A2.2",
  "baseline_cycle": 1,
  "feature_subset": "fs_cv",
  "n_rows": 291,
  "n_seeds": 5,
  "test_f1_mean": 0.9038653639025342,
  "test_f1_std": 0.02937046869452982,
  "test_accuracy_mean": 0.8508474576271187,
  "test_accuracy_std": 0.04547934869491095,
  "test_precision_mean": 0.8892316017316017,
  "test_precision_std": 0.0347626308598888,
  "test_recall_mean": 0.9199999999999999,
  "test_recall_std": 0.040368671387966536,
  "test_roc_auc_mean": 0.8746031746031745,
  "test_roc_auc_std": 0.07945233298925287
}