{
  "experiment": "exp_h_rsf_vs_regressors_fair",
  "feature_subset": "fs_cv",
  "baseline_cycle": 1,
  "db_version": "A2.2",
  "n_seeds": 5,
  "trials": 30,
  "inner_cv": 5,
  "n_faded": 187,
  "n_censored": 228,
  "summary": {
    "rsf": {
      "mae_mean": 143.31052631578947,
      "mae_std": 8.92759812660994,
      "rmse_mean": 182.8020938462944,
      "rmse_std": 6.65896320561537,
      "r2_mean": 0.3044737473470189,
      "r2_std": 0.0762845762948781,
      "medae_mean": 120.5,
      "medae_std": 9.968701018688442,
      "mape_mean": 1.5104186654957799,
      "mape_std": 0.4569836876211799,
      "runtime_s_mean": 39.75252227783203,
      "runtime_s_std": 4.959545673578999,
      "mae_q1_mean": 146.06,
      "mae_q1_std": 44.18068582536944,
      "mae_q2_mean": 159.66666666666669,
      "mae_q2_std": 58.00047892522574,
      "mae_q3_mean": 128.2888888888889,
      "mae_q3_std": 34.157460367618555,
      "mae_q4_mean": 139.35999999999999,
      "mae_q4_std": 40.390382518614494
    },
    "xgb_regressor": {
      "mae_mean": 123.43700403996111,
      "mae_std": 15.30170863693336,
      "rmse_mean": 171.28682775489068,
      "rmse_std": 25.382937401941025,
      "r2_mean": 0.3927275134989374,
      "r2_std": 0.1144155042239841,
      "medae_mean": 84.32069723331897,
      "medae_std": 11.245906152060916,
      "mape_mean": 1.280220553594451,
      "mape_std": 0.3948225147628474,
      "runtime_s_mean": 44.20604577064514,
      "runtime_s_std": 18.529915220807602,
      "mae_q1_mean": 94.3631101184471,
      "mae_q1_std": 20.177621036531733,
      "mae_q2_mean": 93.84925142575192,
      "mae_q2_std": 37.205893547796535,
      "mae_q3_mean": 64.87608919806026,
      "mae_q3_std": 16.369008075043936,
      "mae_q4_mean": 231.84469867197413,
      "mae_q4_std": 48.320706781191724
    },
    "ebm_regressor": {
      "mae_mean": 131.72444828612365,
      "mae_std": 17.53894809103457,
      "rmse_mean": 174.1946319526895,
      "rmse_std": 24.274431341706347,
      "r2_mean": 0.3723943840746231,
      "r2_std": 0.1085892925478457,
      "medae_mean": 88.61380806129394,
      "medae_std": 11.137939034679214,
      "mape_mean": 1.287550882592,
      "mape_std": 0.4295652119812854,
      "runtime_s_mean": 381.91214895248413,
      "runtime_s_std": 83.92953760951507,
      "mae_q1_mean": 105.5470895824348,
      "mae_q1_std": 10.907070361904651,
      "mae_q2_mean": 111.952943027528,
      "mae_q2_std": 45.58589950747006,
      "mae_q3_mean": 73.24884170985146,
      "mae_q3_std": 18.458997791368247,
      "mae_q4_mean": 228.32420764119365,
      "mae_q4_std": 36.84150325128832
    }
  }
}