{
  "slug": "xgb_classifier__classification__N400__A2.2_b1__fs_a_only",
  "task": "classification",
  "mode": "validation",
  "model": "xgb_classifier",
  "N": 400,
  "db_version": "A2.2",
  "baseline_cycle": 1,
  "feature_subset": "fs_a_only",
  "n_rows": 236,
  "n_seeds": 5,
  "test_f1_mean": 0.810394262782129,
  "test_f1_std": 0.0686232831276426,
  "test_accuracy_mean": 0.7958333333333333,
  "test_accuracy_std": 0.06488504792665602,
  "test_precision_mean": 0.7591296154825568,
  "test_precision_std": 0.0750800860444963,
  "test_recall_mean": 0.8833333333333332,
  "test_recall_std": 0.12977009585331198,
  "test_roc_auc_mean": 0.8657986111111111,
  "test_roc_auc_std": 0.053382240759190916
}