{
  "slug": "xgb_aft__survival__N300__A2.2_b1__fs_a_only",
  "task": "survival",
  "mode": "validation",
  "model": "xgb_aft",
  "N": 300,
  "db_version": "A2.2",
  "baseline_cycle": 1,
  "feature_subset": "fs_a_only",
  "n_rows": 415,
  "n_seeds": 5,
  "test_c_index_mean": 0.7752405175999775,
  "test_c_index_std": 0.04912220788390638,
  "test_auc_at_200_mean": 0.9200812066721159,
  "test_auc_at_200_std": 0.029274863184450977,
  "test_auc_at_300_mean": 0.8312154106511958,
  "test_auc_at_300_std": 0.07838474521805418,
  "test_auc_at_400_mean": 0.8155706332188025,
  "test_auc_at_400_std": 0.07646596697076895,
  "test_f1_at_200_mean": 0.5791080728687081,
  "test_f1_at_200_std": 0.06441142068723403,
  "test_f1_at_300_mean": 0.6529395062863212,
  "test_f1_at_300_std": 0.06746982104249093,
  "test_f1_at_400_mean": 0.7244526901669759,
  "test_f1_at_400_std": 0.08354671194642023
}