{
  "slug": "rsf__survival__N400__A2.2_b1__fs_a_only",
  "task": "survival",
  "mode": "validation",
  "model": "rsf",
  "N": 400,
  "db_version": "A2.2",
  "baseline_cycle": 1,
  "feature_subset": "fs_a_only",
  "n_rows": 415,
  "n_seeds": 5,
  "test_c_index_mean": 0.7690765628610443,
  "test_c_index_std": 0.04342576481306877,
  "test_auc_at_200_mean": 0.9328726425090063,
  "test_auc_at_200_std": 0.03204665916513928,
  "test_auc_at_300_mean": 0.835674951042398,
  "test_auc_at_300_std": 0.06340293814243508,
  "test_auc_at_400_mean": 0.8215482682839662,
  "test_auc_at_400_std": 0.06876888392061524,
  "test_f1_at_200_mean": 0.5886318823925177,
  "test_f1_at_200_std": 0.06647932446853425,
  "test_f1_at_300_mean": 0.6564368223619993,
  "test_f1_at_300_std": 0.07736175568964082,
  "test_f1_at_400_mean": 0.7255032669194159,
  "test_f1_at_400_std": 0.10655444155807244
}