{
  "slug": "xgb_classifier__classification__N300__A2.2_b1__fs_cv",
  "task": "classification",
  "mode": "validation",
  "model": "xgb_classifier",
  "N": 300,
  "db_version": "A2.2",
  "baseline_cycle": 1,
  "feature_subset": "fs_cv",
  "n_rows": 250,
  "n_seeds": 5,
  "test_f1_mean": 0.8420353020429225,
  "test_f1_std": 0.024088350928811224,
  "test_accuracy_mean": 0.788,
  "test_accuracy_std": 0.03633180424916988,
  "test_precision_mean": 0.8077200495582849,
  "test_precision_std": 0.040203976294976296,
  "test_recall_mean": 0.88125,
  "test_recall_std": 0.03423265984407289,
  "test_roc_auc_mean": 0.8878472222222223,
  "test_roc_auc_std": 0.0206735772869503
}