{
  "slug": "ebm_classifier__classification__N200__A2.2_b1__fs_a_only",
  "task": "classification",
  "mode": "validation",
  "model": "ebm_classifier",
  "N": 200,
  "db_version": "A2.2",
  "baseline_cycle": 1,
  "feature_subset": "fs_a_only",
  "n_rows": 291,
  "n_seeds": 5,
  "test_f1_mean": 0.9061224681522677,
  "test_f1_std": 0.03944100040408346,
  "test_accuracy_mean": 0.8542372881355933,
  "test_accuracy_std": 0.061812144165459215,
  "test_precision_mean": 0.893929665045734,
  "test_precision_std": 0.0508747944640621,
  "test_recall_mean": 0.9199999999999999,
  "test_recall_std": 0.043319085976928746,
  "test_roc_auc_mean": 0.8892063492063492,
  "test_roc_auc_std": 0.059807788199802904
}