{
  "slug": "xgb_classifier__classification__N200__A2.2_b1__fs_cv",
  "task": "classification",
  "mode": "validation",
  "model": "xgb_classifier",
  "N": 200,
  "db_version": "A2.2",
  "baseline_cycle": 1,
  "feature_subset": "fs_cv",
  "n_rows": 291,
  "n_seeds": 5,
  "test_f1_mean": 0.89988226840809,
  "test_f1_std": 0.03776366133665757,
  "test_accuracy_mean": 0.8338983050847458,
  "test_accuracy_std": 0.0692637855650934,
  "test_precision_mean": 0.8468306200951352,
  "test_precision_std": 0.07136987094936802,
  "test_recall_mean": 0.9644444444444444,
  "test_recall_std": 0.03370166864022911,
  "test_roc_auc_mean": 0.905079365079365,
  "test_roc_auc_std": 0.06282787518070973
}