{
  "slug": "xgb_classifier__classification__N200__A2.2_b1__fs_all",
  "task": "classification",
  "mode": "validation",
  "model": "xgb_classifier",
  "N": 200,
  "db_version": "A2.2",
  "baseline_cycle": 1,
  "feature_subset": "fs_all",
  "n_rows": 291,
  "n_seeds": 5,
  "test_f1_mean": 0.8879748150400324,
  "test_f1_std": 0.019374475587178495,
  "test_accuracy_mean": 0.8135593220338982,
  "test_accuracy_std": 0.03389830508474577,
  "test_precision_mean": 0.8216856201222251,
  "test_precision_std": 0.035174925558255465,
  "test_recall_mean": 0.968888888888889,
  "test_recall_std": 0.04868644955601478,
  "test_roc_auc_mean": 0.8903174603174604,
  "test_roc_auc_std": 0.06778261013961749
}