{
  "slug": "xgb_aft__survival__N300__A2.2_b1__fs_cv",
  "task": "survival",
  "mode": "validation",
  "model": "xgb_aft",
  "N": 300,
  "db_version": "A2.2",
  "baseline_cycle": 1,
  "feature_subset": "fs_cv",
  "n_rows": 415,
  "n_seeds": 5,
  "test_c_index_mean": 0.767890831899788,
  "test_c_index_std": 0.0426842947640201,
  "test_auc_at_200_mean": 0.9194666848303212,
  "test_auc_at_200_std": 0.02350014185704613,
  "test_auc_at_300_mean": 0.8301012918593255,
  "test_auc_at_300_std": 0.06438218777967632,
  "test_auc_at_400_mean": 0.8086073875590465,
  "test_auc_at_400_std": 0.10411336711820032,
  "test_f1_at_200_mean": 0.5702386477202133,
  "test_f1_at_200_std": 0.05014931482855587,
  "test_f1_at_300_mean": 0.6733864427898805,
  "test_f1_at_300_std": 0.06920704836818362,
  "test_f1_at_400_mean": 0.7045929834384347,
  "test_f1_at_400_std": 0.09334865882403717
}