{
  "seed": 1,
  "n_F_train": 149,
  "n_F_test": 38,
  "n_censored": 228,
  "trials": 30,
  "inner_cv": 5,
  "test_cell_fingerprint": "ae069910f670a9cc",
  "test_cell_names": [
    "0MC2-251028-002",
    "0MC20-251126-R001",
    "0MC6-260108-R001",
    "0MC6-260119-R006",
    "0MC8-251113-R002",
    "AR3773",
    "AR3775",
    "AR3864",
    "AR3872",
    "AR3884",
    "AR3885",
    "AR3915",
    "AR3921",
    "AR3923",
    "AR3941",
    "AR3979",
    "AR4018",
    "AR4023",
    "AR4024",
    "AR4071",
    "AR4072",
    "AR4102",
    "AR4115",
    "AR4130",
    "AR4147",
    "AR4148",
    "AR4165",
    "AR4169",
    "AR4292",
    "AR4293",
    "AR4368",
    "AR4402",
    "AR4428",
    "AR4432",
    "AR4433",
    "AR4439",
    "AR4479",
    "AR4581"
  ],
  "t_cap_with_censored": 1052.0,
  "t_cap_no_censored": 1052.0,
  "results": {
    "rsf_with_censored": {
      "mae": 152.81578947368422,
      "rmse": 189.9592061470041,
      "r2": 0.28278835099257316,
      "medae": 134.5,
      "mape": 1.953508069196695,
      "runtime_s": 49.17493033409119,
      "mae_q1": 166.7,
      "mae_q2": 215.77777777777777,
      "mae_q3": 116.11111111111111,
      "mae_q4": 115.3
    },
    "rsf_with_censored_best_params": {
      "n_estimators": 300,
      "max_depth": 10,
      "min_samples_split": 20,
      "min_samples_leaf": 20,
      "max_features": "sqrt"
    },
    "rsf_no_censored": {
      "mae": 126.0,
      "rmse": 164.3792149749763,
      "r2": 0.4629429190927977,
      "medae": 109.5,
      "mape": 0.9041757512425299,
      "runtime_s": 29.812077045440674,
      "mae_q1": 89.2,
      "mae_q2": 134.33333333333334,
      "mae_q3": 58.111111111111114,
      "mae_q4": 216.4
    },
    "rsf_no_censored_best_params": {
      "n_estimators": 75,
      "max_depth": 20,
      "min_samples_split": 20,
      "min_samples_leaf": 5,
      "max_features": "log2"
    }
  }
}