{
  "seed": 3,
  "n_F_train": 149,
  "n_F_test": 38,
  "n_censored": 228,
  "trials": 30,
  "inner_cv": 5,
  "test_cell_fingerprint": "98478f90d50d492f",
  "test_cell_names": [
    "0MC2-251022-004",
    "0MC2-251028-002",
    "0MC2-251222-002",
    "0MC6-260119-R001",
    "AR-3422",
    "AR3684",
    "AR3858",
    "AR3870",
    "AR3872",
    "AR3883",
    "AR3884",
    "AR3908",
    "AR3923",
    "AR3952",
    "AR3966",
    "AR3970",
    "AR3975",
    "AR3979",
    "AR3985",
    "AR4021",
    "AR4072",
    "AR4088",
    "AR4095",
    "AR4102",
    "AR4138",
    "AR4162",
    "AR4164",
    "AR4168",
    "AR4170",
    "AR4232",
    "AR4246",
    "AR4273",
    "AR4306",
    "AR4354",
    "AR4432",
    "AR4434",
    "AR4569",
    "AR4581"
  ],
  "t_cap_with_censored": 1052.0,
  "t_cap_no_censored": 1052.0,
  "results": {
    "rsf_with_censored": {
      "mae": 136.94736842105263,
      "rmse": 189.16228065090735,
      "r2": 0.37594427099947825,
      "medae": 107.0,
      "mape": 1.7293217869833313,
      "runtime_s": 39.263466358184814,
      "mae_q1": 139.6,
      "mae_q2": 78.66666666666667,
      "mae_q3": 166.44444444444446,
      "mae_q4": 160.2
    },
    "rsf_with_censored_best_params": {
      "n_estimators": 150,
      "max_depth": 14,
      "min_samples_split": 18,
      "min_samples_leaf": 18,
      "max_features": null
    },
    "rsf_no_censored": {
      "mae": 145.39473684210526,
      "rmse": 195.23474399593402,
      "r2": 0.33523444830079885,
      "medae": 112.5,
      "mape": 1.0756696522938605,
      "runtime_s": 46.54916286468506,
      "mae_q1": 98.7,
      "mae_q2": 65.88888888888889,
      "mae_q3": 118.66666666666667,
      "mae_q4": 287.7
    },
    "rsf_no_censored_best_params": {
      "n_estimators": 275,
      "max_depth": 10,
      "min_samples_split": 16,
      "min_samples_leaf": 6,
      "max_features": "log2"
    }
  }
}