{
  "seed": 0,
  "n_F_train": 149,
  "n_F_test": 38,
  "n_censored": 228,
  "trials": 30,
  "inner_cv": 5,
  "test_cell_fingerprint": "b8c939d92b29a2c3",
  "test_cell_names": [
    "0MC2-251028-002",
    "0MC2-251222-001",
    "0MC2-251222-004",
    "0MC8-251113-R001",
    "AR3685",
    "AR3854",
    "AR3867",
    "AR3877",
    "AR3879",
    "AR3918",
    "AR3921",
    "AR3944",
    "AR3951",
    "AR3967",
    "AR3971",
    "AR3980",
    "AR4023",
    "AR4024",
    "AR4072",
    "AR4123",
    "AR4127",
    "AR4130",
    "AR4131",
    "AR4145",
    "AR4147",
    "AR4164",
    "AR4165",
    "AR4197",
    "AR4232",
    "AR4239",
    "AR4304",
    "AR4318",
    "AR4354",
    "AR4367",
    "AR4388",
    "AR4412",
    "AR4432",
    "AR4434"
  ],
  "t_cap_with_censored": 1052.0,
  "t_cap_no_censored": 1052.0,
  "results": {
    "rsf_with_censored": {
      "mae": 152.31578947368422,
      "rmse": 184.92701262930734,
      "r2": 0.19755070367512262,
      "medae": 126.0,
      "mape": 2.186492872490794,
      "runtime_s": 31.787899255752563,
      "mae_q1": 212.8,
      "mae_q2": 158.77777777777777,
      "mae_q3": 144.0,
      "mae_q4": 93.5
    },
    "rsf_with_censored_best_params": {
      "n_estimators": 150,
      "max_depth": 14,
      "min_samples_split": 12,
      "min_samples_leaf": 20,
      "max_features": "log2"
    },
    "rsf_no_censored": {
      "mae": 117.52631578947368,
      "rmse": 143.37198581239457,
      "r2": 0.5176686464795379,
      "medae": 95.5,
      "mape": 1.1626756753081633,
      "runtime_s": 52.5727481842041,
      "mae_q1": 115.7,
      "mae_q2": 93.11111111111111,
      "mae_q3": 82.55555555555556,
      "mae_q4": 172.8
    },
    "rsf_no_censored_best_params": {
      "n_estimators": 300,
      "max_depth": 5,
      "min_samples_split": 20,
      "min_samples_leaf": 12,
      "max_features": "sqrt"
    }
  }
}