{
  "slug": "ebm_classifier__classification__N300__A2.2_b1__fs_cv",
  "task": "classification",
  "mode": "validation",
  "model": "ebm_classifier",
  "N": 300,
  "db_version": "A2.2",
  "baseline_cycle": 1,
  "feature_subset": "fs_cv",
  "n_rows": 250,
  "n_seeds": 5,
  "test_f1_mean": 0.8476961984130368,
  "test_f1_std": 0.0446205294664169,
  "test_accuracy_mean": 0.796,
  "test_accuracy_std": 0.05899152481501051,
  "test_precision_mean": 0.8126085679026855,
  "test_precision_std": 0.04828677961734353,
  "test_recall_mean": 0.8875,
  "test_recall_std": 0.056768444139327974,
  "test_roc_auc_mean": 0.8649305555555553,
  "test_roc_auc_std": 0.04973587161349767
}