{
  "seed": 2,
  "n_F_train": 149,
  "n_F_test": 38,
  "n_censored": 228,
  "trials": 30,
  "inner_cv": 5,
  "test_cell_fingerprint": "82e66f716c9dd1c1",
  "test_cell_names": [
    "0MC2-251022-003",
    "0MC2-251022-004",
    "0MC2-251222-002",
    "0MC20-251121-R001",
    "0MC20-251126-R002",
    "0MC20-251126-R003",
    "AR-3422",
    "AR3684",
    "AR3773",
    "AR3864",
    "AR3873",
    "AR3879",
    "AR3885",
    "AR3915",
    "AR3917",
    "AR3922",
    "AR3952",
    "AR3976",
    "AR3982",
    "AR4018",
    "AR4084",
    "AR4144",
    "AR4148",
    "AR4162",
    "AR4165",
    "AR4170",
    "AR4239",
    "AR4242",
    "AR4244",
    "AR4317",
    "AR4319",
    "AR4354",
    "AR4356",
    "AR4380",
    "AR4402",
    "AR4439",
    "AR4440",
    "AR4569"
  ],
  "t_cap_with_censored": 1052.0,
  "t_cap_no_censored": 1052.0,
  "results": {
    "rsf_with_censored": {
      "mae": 145.6578947368421,
      "rmse": 181.4116429850254,
      "r2": 0.3538632155644842,
      "medae": 136.5,
      "mape": 1.2345588082690544,
      "runtime_s": 33.29365253448486,
      "mae_q1": 164.6,
      "mae_q2": 185.33333333333334,
      "mae_q3": 81.77777777777777,
      "mae_q4": 148.5
    },
    "rsf_with_censored_best_params": {
      "n_estimators": 225,
      "max_depth": 19,
      "min_samples_split": 16,
      "min_samples_leaf": 15,
      "max_features": "log2"
    },
    "rsf_no_censored": {
      "mae": 137.78947368421052,
      "rmse": 178.9041201608457,
      "r2": 0.3716019368369943,
      "medae": 110.5,
      "mape": 0.8213825085969407,
      "runtime_s": 32.32851266860962,
      "mae_q1": 103.1,
      "mae_q2": 129.44444444444446,
      "mae_q3": 51.333333333333336,
      "mae_q4": 257.8
    },
    "rsf_no_censored_best_params": {
      "n_estimators": 175,
      "max_depth": 16,
      "min_samples_split": 12,
      "min_samples_leaf": 7,
      "max_features": "log2"
    }
  }
}