{
  "slug": "xgb_classifier__classification__N300__A2.2_b1__fs_b_only",
  "task": "classification",
  "mode": "validation",
  "model": "xgb_classifier",
  "N": 300,
  "db_version": "A2.2",
  "baseline_cycle": 1,
  "feature_subset": "fs_b_only",
  "n_rows": 250,
  "n_seeds": 5,
  "test_f1_mean": 0.829643577243759,
  "test_f1_std": 0.02215426298591587,
  "test_accuracy_mean": 0.768,
  "test_accuracy_std": 0.030331501776206228,
  "test_precision_mean": 0.7905230428486243,
  "test_precision_std": 0.07101036689028503,
  "test_recall_mean": 0.8875,
  "test_recall_std": 0.10269797953221864,
  "test_roc_auc_mean": 0.8274305555555556,
  "test_roc_auc_std": 0.019199536529096232
}