{
  "slug": "rsf__survival__N400__A2.2_b1__fs_cv",
  "task": "survival",
  "mode": "validation",
  "model": "rsf",
  "N": 400,
  "db_version": "A2.2",
  "baseline_cycle": 1,
  "feature_subset": "fs_cv",
  "n_rows": 415,
  "n_seeds": 5,
  "test_c_index_mean": 0.7964989218923972,
  "test_c_index_std": 0.01338326678510343,
  "test_auc_at_200_mean": 0.9178489893944439,
  "test_auc_at_200_std": 0.025817532515996007,
  "test_auc_at_300_mean": 0.8755351051807361,
  "test_auc_at_300_std": 0.036717369179277204,
  "test_auc_at_400_mean": 0.8597263331634041,
  "test_auc_at_400_std": 0.04227927413732993,
  "test_f1_at_200_mean": 0.5600496497263372,
  "test_f1_at_200_std": 0.06474539916127604,
  "test_f1_at_300_mean": 0.7005412203794408,
  "test_f1_at_300_std": 0.04479980590494065,
  "test_f1_at_400_mean": 0.7571080100024199,
  "test_f1_at_400_std": 0.027893927759877847
}