{
  "auc_n200": {
    "mean": 0.913015873015873,
    "std": 0.05009942244177819,
    "per_seed": [
      0.9063492063492063,
      0.9571428571428571,
      0.9444444444444444,
      0.9269841269841269,
      0.8301587301587301
    ]
  },
  "f1_n200": {
    "mean": 0.919659596039301,
    "std": 0.025949705544753697,
    "per_seed": [
      0.9347826086956522,
      0.9318181818181818,
      0.9318181818181818,
      0.9263157894736842,
      0.8735632183908046
    ]
  },
  "acc_n200": {
    "mean": 0.8779661016949152,
    "std": 0.036744887099455587,
    "per_seed": [
      0.8983050847457628,
      0.8983050847457628,
      0.8983050847457628,
      0.8813559322033898,
      0.8135593220338984
    ]
  },
  "n_test_n200": {
    "mean": 59.0,
    "std": 0.0,
    "per_seed": [
      59,
      59,
      59,
      59,
      59
    ]
  },
  "n_train_n200": {
    "mean": 236.0,
    "std": 0.0,
    "per_seed": [
      236,
      236,
      236,
      236,
      236
    ]
  },
  "pass_rate_test_n200": {
    "mean": 0.7627118644067796,
    "std": 0.0,
    "per_seed": [
      0.7627118644067796,
      0.7627118644067796,
      0.7627118644067796,
      0.7627118644067796,
      0.7627118644067796
    ]
  },
  "auc_n300": {
    "mean": 0.8358552631578947,
    "std": 0.027359049192446017,
    "per_seed": [
      0.8223684210526316,
      0.875,
      0.8273026315789473,
      0.850328947368421,
      0.8042763157894737
    ]
  },
  "f1_n300": {
    "mean": 0.8273866340235582,
    "std": 0.025962315515342466,
    "per_seed": [
      0.8181818181818182,
      0.8656716417910447,
      0.8,
      0.8405797101449275,
      0.8125
    ]
  },
  "acc_n300": {
    "mean": 0.776470588235294,
    "std": 0.029736766447260973,
    "per_seed": [
      0.7647058823529411,
      0.8235294117647058,
      0.7450980392156863,
      0.7843137254901961,
      0.7647058823529411
    ]
  },
  "n_test_n300": {
    "mean": 51.0,
    "std": 0.0,
    "per_seed": [
      51,
      51,
      51,
      51,
      51
    ]
  },
  "n_train_n300": {
    "mean": 204.0,
    "std": 0.0,
    "per_seed": [
      204,
      204,
      204,
      204,
      204
    ]
  },
  "pass_rate_test_n300": {
    "mean": 0.6274509803921569,
    "std": 0.0,
    "per_seed": [
      0.6274509803921569,
      0.6274509803921569,
      0.6274509803921569,
      0.6274509803921569,
      0.6274509803921569
    ]
  },
  "auc_n400": {
    "mean": 0.8596666666666666,
    "std": 0.023136070923512,
    "per_seed": [
      0.8383333333333334,
      0.8583333333333334,
      0.8366666666666667,
      0.875,
      0.89
    ]
  },
  "f1_n400": {
    "mean": 0.8047752434307057,
    "std": 0.03780278517994878,
    "per_seed": [
      0.7777777777777778,
      0.8235294117647058,
      0.7755102040816326,
      0.7843137254901961,
      0.8627450980392157
    ]
  },
  "acc_n400": {
    "mean": 0.7959183673469388,
    "std": 0.04081632653061225,
    "per_seed": [
      0.7551020408163265,
      0.8163265306122449,
      0.7755102040816326,
      0.7755102040816326,
      0.8571428571428571
    ]
  },
  "n_test_n400": {
    "mean": 49.0,
    "std": 0.0,
    "per_seed": [
      49,
      49,
      49,
      49,
      49
    ]
  },
  "n_train_n400": {
    "mean": 192.0,
    "std": 0.0,
    "per_seed": [
      192,
      192,
      192,
      192,
      192
    ]
  },
  "pass_rate_test_n400": {
    "mean": 0.4897959183673469,
    "std": 0.0,
    "per_seed": [
      0.4897959183673469,
      0.4897959183673469,
      0.4897959183673469,
      0.4897959183673469,
      0.4897959183673469
    ]
  },
  "cindex": {
    "mean": 0.792292835869808,
    "std": 0.030440024213252304,
    "per_seed": [
      0.8059113300492611,
      0.8379084967320262,
      0.7762998790810157,
      0.7818403412553321,
      0.759504132231405
    ]
  },
  "auc_at_n200": {
    "mean": 0.8923285437218533,
    "std": 0.08184366213366172,
    "per_seed": [
      0.9879117838444598,
      0.9329957302446263,
      0.8208055471652687,
      NaN,
      0.8276011136330583
    ]
  },
  "auc_at_n300": {
    "mean": 0.887898829555651,
    "std": 0.07830729021084498,
    "per_seed": [
      0.9721907833132057,
      0.9363628408256697,
      0.8134546174812478,
      NaN,
      0.829587076602481
    ]
  },
  "auc_at_n400": {
    "mean": 0.8386168005241065,
    "std": 0.02916487467735516,
    "per_seed": [
      0.7975416991800248,
      0.865250441347995,
      0.8407889131567299,
      NaN,
      0.8508861484116763
    ]
  },
  "mae_faded": {
    "mean": 146.464701754386,
    "std": 25.455568506215236,
    "per_seed": [
      106.04666666666667,
      137.44,
      167.17674418604653,
      165.02325581395348,
      156.63684210526318
    ]
  },
  "rmse_faded": {
    "mean": 185.56333382227058,
    "std": 39.25146593097502,
    "per_seed": [
      125.96772602535935,
      168.02399828595915,
      207.55429662262267,
      225.37080143517898,
      200.8998467422328
    ]
  },
  "n_test_rsf": {
    "mean": 84.0,
    "std": 0.0,
    "per_seed": [
      84,
      84,
      84,
      84,
      84
    ]
  },
  "n_test_rsf_faded": {
    "mean": 38.8,
    "std": 5.35723809439155,
    "per_seed": [
      30,
      40,
      43,
      43,
      38
    ]
  },
  "n_train_rsf": {
    "mean": 333.0,
    "std": 0.0,
    "per_seed": [
      333,
      333,
      333,
      333,
      333
    ]
  },
  "_production_reference": {
    "ebm_classifier_inner_cv_auc_mean": {
      "200": 0.9221575205251241,
      "300": 0.8649052995195362,
      "400": 0.8527319676373848
    },
    "rsf_inner_cv_cindex_mean": 0.7928750178859472
  }
}