{
  "slug": "xgb_aft__survival__N300__A2.2_b1__fs_a_only",
  "task": "survival",
  "mode": "validation",
  "model": "xgb_aft",
  "N": 300,
  "db_version": "A2.2",
  "baseline_cycle": 1,
  "feature_subset": "fs_a_only",
  "n_rows": 415,
  "n_seeds": 5,
  "test_c_index_mean": 0.7538625839358556,
  "test_c_index_std": 0.05379252860845983,
  "test_auc_at_200_mean": 0.9079426482608302,
  "test_auc_at_200_std": 0.02986737748693561,
  "test_auc_at_300_mean": 0.8218618068326485,
  "test_auc_at_300_std": 0.07768737653168246,
  "test_auc_at_400_mean": 0.79703503628332,
  "test_auc_at_400_std": 0.08198940907031771,
  "test_f1_at_200_mean": 0.5795409733016086,
  "test_f1_at_200_std": 0.08274711285449685,
  "test_f1_at_300_mean": 0.6467197761232139,
  "test_f1_at_300_std": 0.05354652414813369,
  "test_f1_at_400_mean": 0.6995534403484714,
  "test_f1_at_400_std": 0.08263548419333555
}