{
  "slug": "rsf__survival__N400__A2.2_b1__fs_cv",
  "task": "survival",
  "mode": "validation",
  "model": "rsf",
  "N": 400,
  "db_version": "A2.2",
  "baseline_cycle": 1,
  "feature_subset": "fs_cv",
  "n_rows": 415,
  "n_seeds": 5,
  "test_c_index_mean": 0.790635119134943,
  "test_c_index_std": 0.02085573853318736,
  "test_auc_at_200_mean": 0.9087107236198145,
  "test_auc_at_200_std": 0.03404164270374724,
  "test_auc_at_300_mean": 0.8676664661388293,
  "test_auc_at_300_std": 0.04428446036529729,
  "test_auc_at_400_mean": 0.8577178608957785,
  "test_auc_at_400_std": 0.04335963198564923,
  "test_f1_at_200_mean": 0.5604825501592376,
  "test_f1_at_200_std": 0.06173874576562746,
  "test_f1_at_300_mean": 0.6999062997445201,
  "test_f1_at_300_std": 0.042907913560374884,
  "test_f1_at_400_mean": 0.7643436315237557,
  "test_f1_at_400_std": 0.04031481212486657
}